<?xml version="1.0" encoding="utf-8" standalone="yes"?>
<rss version="2.0" xmlns:atom="http://www.w3.org/2005/Atom">
  <channel>
    <title>My New Hugo Site</title>
    <link>http://stud.if.ktu.lt/~erndam1/</link>
    <description>Recent content on My New Hugo Site</description>
    <generator>Hugo -- gohugo.io</generator>
    <language>en-us</language>
    <lastBuildDate>Sun, 12 Feb 2023 22:55:28 +0200</lastBuildDate><atom:link href="http://stud.if.ktu.lt/~erndam1/index.xml" rel="self" type="application/rss+xml" />
    <item>
      <title>My_config</title>
      <link>http://stud.if.ktu.lt/~erndam1/posts/my_config/</link>
      <pubDate>Sun, 12 Feb 2023 22:55:28 +0200</pubDate>
      
      <guid>http://stud.if.ktu.lt/~erndam1/posts/my_config/</guid>
      <description>Rofi currently im using i3 Dunst Neovim Qutebrowser </description>
      <content>&lt;h1 id=&#34;rofi&#34;&gt;Rofi&lt;/h1&gt;
&lt;p&gt;currently im using i3
&lt;img src=&#34;http://stud.if.ktu.lt/~erndam1/i3.png&#34; alt=&#34;i3_image&#34;&gt;
&lt;img src=&#34;http://stud.if.ktu.lt/~erndam1/game.png&#34; alt=&#34;rofi_game&#34;&gt;&lt;/p&gt;
&lt;h1 id=&#34;dunst&#34;&gt;Dunst&lt;/h1&gt;
&lt;p&gt;&lt;img src=&#34;http://stud.if.ktu.lt/~erndam1/dunst.gif&#34; alt=&#34;dunst&#34;&gt;&lt;/p&gt;
&lt;h1 id=&#34;neovim&#34;&gt;Neovim&lt;/h1&gt;
&lt;p&gt;&lt;img src=&#34;http://stud.if.ktu.lt/~erndam1/vim.png&#34; alt=&#34;vim&#34;&gt;&lt;/p&gt;
&lt;h1 id=&#34;qutebrowser&#34;&gt;Qutebrowser&lt;/h1&gt;
&lt;p&gt;&lt;img src=&#34;http://stud.if.ktu.lt/~erndam1/qute.png&#34; alt=&#34;qute&#34;&gt;&lt;/p&gt;
</content>
    </item>
    
    <item>
      <title>AI programme</title>
      <link>http://stud.if.ktu.lt/~erndam1/posts/first_semester/</link>
      <pubDate>Sun, 12 Feb 2023 21:38:36 +0200</pubDate>
      
      <guid>http://stud.if.ktu.lt/~erndam1/posts/first_semester/</guid>
      <description>Table of contents First semester Modules Dirbtinio intelekto ekosistema Objektinio programavimo įvadas Matematika 1 Informatikos studijų įvadas Other 1 Semester Modules Moddule Languages Dirbtinio intelekto ekosistemos Python Matematika 1 Matlab/octave Objektinio programavimo įvadas C# Informatikos studijų įvadas HTML, CSS, Matlab, Wordpress Neuromokslas none Dirbtinio intelekto ekosistemos I use python, mate!
Matematika 1 I use octave for checking the answers
Objektinio programavimo įvadas In arch linux I installed dotnet-sdk:
sudo pacman -S dotnet-sdk I use neovim as my IDE and for LSP use csharp-language-server</description>
      <content>&lt;h1 id=&#34;table-of-contents&#34;&gt;Table of contents&lt;/h1&gt;
&lt;ol&gt;
&lt;li&gt;&lt;a href=&#34;#sem&#34;&gt;First semester&lt;/a&gt;
&lt;ol&gt;
&lt;li&gt;&lt;a href=&#34;#modules&#34;&gt;Modules&lt;/a&gt;&lt;/li&gt;
&lt;li&gt;&lt;a href=&#34;#dirbtinio-intelekto-ekosistemos&#34;&gt;Dirbtinio intelekto ekosistema&lt;/a&gt;&lt;/li&gt;
&lt;li&gt;&lt;a href=&#34;#objektinio-programavimo-%C4%AFvadas&#34;&gt;Objektinio programavimo įvadas&lt;/a&gt;&lt;/li&gt;
&lt;li&gt;&lt;a href=&#34;#matematika-1&#34;&gt;Matematika 1&lt;/a&gt;&lt;/li&gt;
&lt;li&gt;&lt;a href=&#34;#informatikos-studij%C5%B3-%C4%AFvadas&#34;&gt;Informatikos studijų įvadas&lt;/a&gt;&lt;/li&gt;
&lt;li&gt;&lt;a href=&#34;#other&#34;&gt;Other&lt;/a&gt;&lt;/li&gt;
&lt;/ol&gt;
&lt;/li&gt;
&lt;/ol&gt;
&lt;h2 id=&#34;1-semester&#34;&gt;1 Semester&lt;/h2&gt;
&lt;h3 id=&#34;modules&#34;&gt;Modules&lt;/h3&gt;
&lt;table&gt;
&lt;thead&gt;
&lt;tr&gt;
&lt;th&gt;Moddule&lt;/th&gt;
&lt;th&gt;Languages&lt;/th&gt;
&lt;/tr&gt;
&lt;/thead&gt;
&lt;tbody&gt;
&lt;tr&gt;
&lt;td&gt;Dirbtinio intelekto ekosistemos&lt;/td&gt;
&lt;td&gt;Python&lt;/td&gt;
&lt;/tr&gt;
&lt;tr&gt;
&lt;td&gt;Matematika 1&lt;/td&gt;
&lt;td&gt;Matlab/octave&lt;/td&gt;
&lt;/tr&gt;
&lt;tr&gt;
&lt;td&gt;Objektinio programavimo įvadas&lt;/td&gt;
&lt;td&gt;C#&lt;/td&gt;
&lt;/tr&gt;
&lt;tr&gt;
&lt;td&gt;Informatikos studijų įvadas&lt;/td&gt;
&lt;td&gt;HTML, CSS, Matlab, Wordpress&lt;/td&gt;
&lt;/tr&gt;
&lt;tr&gt;
&lt;td&gt;Neuromokslas&lt;/td&gt;
&lt;td&gt;none&lt;/td&gt;
&lt;/tr&gt;
&lt;/tbody&gt;
&lt;/table&gt;
&lt;h3 id=&#34;dirbtinio-intelekto-ekosistemos&#34;&gt;Dirbtinio intelekto ekosistemos&lt;/h3&gt;
&lt;p&gt;I use python, mate!&lt;/p&gt;
&lt;h3 id=&#34;matematika-1&#34;&gt;Matematika 1&lt;/h3&gt;
&lt;p&gt;I use octave for checking the answers&lt;/p&gt;
&lt;h3 id=&#34;objektinio-programavimo-įvadas&#34;&gt;Objektinio programavimo įvadas&lt;/h3&gt;
&lt;p&gt;In arch linux I installed dotnet-sdk:&lt;/p&gt;
&lt;div class=&#34;highlight&#34;&gt;&lt;pre tabindex=&#34;0&#34; style=&#34;color:#f8f8f2;background-color:#272822;-moz-tab-size:4;-o-tab-size:4;tab-size:4;&#34;&gt;&lt;code class=&#34;language-sh&#34; data-lang=&#34;sh&#34;&gt;&lt;span style=&#34;display:flex;&#34;&gt;&lt;span&gt;sudo pacman -S dotnet-sdk
&lt;/span&gt;&lt;/span&gt;&lt;/code&gt;&lt;/pre&gt;&lt;/div&gt;&lt;p&gt;I use &lt;strong&gt;neovim&lt;/strong&gt; as my IDE and for &lt;strong&gt;LSP&lt;/strong&gt; use &lt;strong&gt;csharp-language-server&lt;/strong&gt;&lt;/p&gt;
&lt;p&gt;to create a project, do:&lt;/p&gt;
&lt;div class=&#34;highlight&#34;&gt;&lt;pre tabindex=&#34;0&#34; style=&#34;color:#f8f8f2;background-color:#272822;-moz-tab-size:4;-o-tab-size:4;tab-size:4;&#34;&gt;&lt;code class=&#34;language-sh&#34; data-lang=&#34;sh&#34;&gt;&lt;span style=&#34;display:flex;&#34;&gt;&lt;span&gt;dotnet new console
&lt;/span&gt;&lt;/span&gt;&lt;/code&gt;&lt;/pre&gt;&lt;/div&gt;&lt;p&gt;to run the file, do:&lt;/p&gt;
&lt;div class=&#34;highlight&#34;&gt;&lt;pre tabindex=&#34;0&#34; style=&#34;color:#f8f8f2;background-color:#272822;-moz-tab-size:4;-o-tab-size:4;tab-size:4;&#34;&gt;&lt;code class=&#34;language-sh&#34; data-lang=&#34;sh&#34;&gt;&lt;span style=&#34;display:flex;&#34;&gt;&lt;span&gt;dotnet run
&lt;/span&gt;&lt;/span&gt;&lt;/code&gt;&lt;/pre&gt;&lt;/div&gt;&lt;p&gt;Currently, there arent any neovim plugins for XML documentation.
So, for documentation i use Vscode, you can find the plugin &lt;a href=&#34;https://marketplace.visualstudio.com/items?itemName=k--kato.docomment&#34;&gt;here&lt;/a&gt;&lt;/p&gt;
&lt;h3 id=&#34;informatikos-studijų-įvadas&#34;&gt;Informatikos studijų įvadas&lt;/h3&gt;
&lt;p&gt;For &lt;strong&gt;Matlab&lt;/strong&gt; you can substitute for &lt;strong&gt;Octave&lt;/strong&gt;,
you can find it in the repos:&lt;/p&gt;
&lt;div class=&#34;highlight&#34;&gt;&lt;pre tabindex=&#34;0&#34; style=&#34;color:#f8f8f2;background-color:#272822;-moz-tab-size:4;-o-tab-size:4;tab-size:4;&#34;&gt;&lt;code class=&#34;language-sh&#34; data-lang=&#34;sh&#34;&gt;&lt;span style=&#34;display:flex;&#34;&gt;&lt;span&gt;sudo pacman -S octave
&lt;/span&gt;&lt;/span&gt;&lt;/code&gt;&lt;/pre&gt;&lt;/div&gt;&lt;h3 id=&#34;other&#34;&gt;Other&lt;/h3&gt;
&lt;p&gt;I use zathura as my PDF reader&lt;/p&gt;
&lt;div class=&#34;highlight&#34;&gt;&lt;pre tabindex=&#34;0&#34; style=&#34;color:#f8f8f2;background-color:#272822;-moz-tab-size:4;-o-tab-size:4;tab-size:4;&#34;&gt;&lt;code class=&#34;language-sh&#34; data-lang=&#34;sh&#34;&gt;&lt;span style=&#34;display:flex;&#34;&gt;&lt;span&gt;sudo pacman -S zathura zathura-pdf-poppler
&lt;/span&gt;&lt;/span&gt;&lt;/code&gt;&lt;/pre&gt;&lt;/div&gt;&lt;p&gt;sgpt for interacting with chatgpt&lt;/p&gt;
&lt;div class=&#34;highlight&#34;&gt;&lt;pre tabindex=&#34;0&#34; style=&#34;color:#f8f8f2;background-color:#272822;-moz-tab-size:4;-o-tab-size:4;tab-size:4;&#34;&gt;&lt;code class=&#34;language-sh&#34; data-lang=&#34;sh&#34;&gt;&lt;span style=&#34;display:flex;&#34;&gt;&lt;span&gt;pip install shell-gpt --user
&lt;/span&gt;&lt;/span&gt;&lt;/code&gt;&lt;/pre&gt;&lt;/div&gt;&lt;p&gt;use my neovim &lt;a href=&#34;https://github.com/pog102/installer/blob/main/config/nvim/init.lua&#34;&gt;config&lt;/a&gt; if you like&lt;/p&gt;
</content>
    </item>
    
  </channel>
</rss>
